"iter","true_sparsity","estimated_sparsity","true_positives","false_positives","false_negatives","fdp","screened","exact_support","mse","beta_min"
1,5,5,3,2,2,0.4,FALSE,FALSE,0.00166709794971792,0.00169613593090223
2,5,6,4,2,1,0.333333333333333,FALSE,FALSE,0.000996146531246106,0.0226393604439186
3,5,45,4,41,1,0.911111111111111,FALSE,FALSE,0.00404718842425955,0.146663140157688
4,5,6,4,2,1,0.333333333333333,FALSE,FALSE,0.00129094216292012,0.282506884718647
5,5,3,3,0,2,0,FALSE,FALSE,0.00226645061431978,0.131525662578022
6,5,13,4,9,1,0.692307692307692,FALSE,FALSE,0.00134783748316008,0.0257991192318077
7,5,7,5,2,0,0.285714285714286,TRUE,FALSE,0.0041031624504788,0.465407550522306
8,5,28,5,23,0,0.821428571428571,TRUE,FALSE,0.002109731450228,0.895284874881444
9,5,3,3,0,2,0,FALSE,FALSE,0.000672864198404848,0.0073903532552515
10,5,15,5,10,0,0.666666666666667,TRUE,FALSE,0.0014301938071773,0.474454027294749
11,5,6,4,2,1,0.333333333333333,FALSE,FALSE,0.00135774297725832,0.216072891127123
12,5,15,5,10,0,0.666666666666667,TRUE,FALSE,0.0014185444906703,0.94359707186655
13,5,11,3,8,2,0.727272727272727,FALSE,FALSE,0.00191974818618771,0.0916391068745721
14,5,14,3,11,2,0.785714285714286,FALSE,FALSE,0.00143840850832748,0.12477174446744
15,5,6,4,2,1,0.333333333333333,FALSE,FALSE,0.00530738579130631,0.224968469420784
16,5,9,4,5,1,0.555555555555556,FALSE,FALSE,0.00153796591002554,0.259429336050828
17,5,2,2,0,3,0,FALSE,FALSE,0.0028068310478041,0.0243487248813117
18,5,6,4,2,1,0.333333333333333,FALSE,FALSE,0.00204063186115633,0.266879898382122
19,5,10,5,5,0,0.5,TRUE,FALSE,0.00298194994249656,0.45835234116234
20,5,7,5,2,0,0.285714285714286,TRUE,FALSE,0.00223125542987307,0.317245169074041
21,5,5,4,1,1,0.2,FALSE,FALSE,0.00236731401032629,0.331476620618985
22,5,8,4,4,1,0.5,FALSE,FALSE,0.00235008500950479,0.0563355134142995
23,5,11,5,6,0,0.545454545454545,TRUE,FALSE,0.00138009049572672,0.461259949007553
24,5,6,4,2,1,0.333333333333333,FALSE,FALSE,0.00261960281059388,0.22420952903004
25,5,4,4,0,1,0,FALSE,FALSE,0.00223030603507349,0.1322917601831
26,5,7,5,2,0,0.285714285714286,TRUE,FALSE,0.00231162905965196,0.60997947838058
27,5,4,4,0,1,0,FALSE,FALSE,0.00211966571386194,0.135865001068432
28,5,20,4,16,1,0.8,FALSE,FALSE,0.00119318866613003,0.0697466420259567
29,5,4,3,1,2,0.25,FALSE,FALSE,0.00327354285526722,0.223921192478298
30,5,10,4,6,1,0.6,FALSE,FALSE,0.00285030106919556,0.161497419139245
31,5,7,4,3,1,0.428571428571429,FALSE,FALSE,0.00197906925452573,0.00707066186487193
32,5,4,4,0,1,0,FALSE,FALSE,0.00255559176347626,0.308616803072461
33,5,9,5,4,0,0.444444444444444,TRUE,FALSE,0.00200689582052184,0.326225616935391
34,5,9,5,4,0,0.444444444444444,TRUE,FALSE,0.00105130059987147,0.632245336544474
35,5,6,5,1,0,0.166666666666667,TRUE,FALSE,0.0034814667837997,0.447813553070933
36,5,22,5,17,0,0.772727272727273,TRUE,FALSE,0.00183608685004009,0.233652044227259
37,5,6,4,2,1,0.333333333333333,FALSE,FALSE,0.00270297427142654,0.0889345199098766
38,5,3,3,0,2,0,FALSE,FALSE,0.00300520378457276,0.181146010215946
39,5,8,5,3,0,0.375,TRUE,FALSE,0.00163448009499168,0.698598729751198
40,5,6,4,2,1,0.333333333333333,FALSE,FALSE,0.00311119820093675,0.0448982634904882
41,5,16,4,12,1,0.75,FALSE,FALSE,0.0015407531092067,0.0958889778575176
42,5,7,5,2,0,0.285714285714286,TRUE,FALSE,0.0019045417496332,0.916874565815067
43,5,9,5,4,0,0.444444444444444,TRUE,FALSE,0.000529642335203373,1.17375791262408
44,5,4,3,1,2,0.25,FALSE,FALSE,0.00267310730904752,0.0797784097012855
45,5,12,5,7,0,0.583333333333333,TRUE,FALSE,0.000869027848456324,0.378259038244812
46,5,3,2,1,3,0.333333333333333,FALSE,FALSE,0.00164904408027136,0.0316016801104766
47,5,7,4,3,1,0.428571428571429,FALSE,FALSE,0.00126292336858023,0.0736891281156191
48,5,8,5,3,0,0.375,TRUE,FALSE,0.00209055561858324,0.570593616618652
49,5,7,5,2,0,0.285714285714286,TRUE,FALSE,0.00158629194592194,0.349563686342269
50,5,6,5,1,0,0.166666666666667,TRUE,FALSE,0.00296815993787097,0.337891092123777
51,5,7,4,3,1,0.428571428571429,FALSE,FALSE,0.00193628599781276,0.0498829619902317
52,5,10,5,5,0,0.5,TRUE,FALSE,0.00291813416028245,0.488302747152506
53,5,21,4,17,1,0.80952380952381,FALSE,FALSE,0.00155497273812564,0.0579389026507946
54,5,5,4,1,1,0.2,FALSE,FALSE,0.00131361622712177,0.211149245481715
55,5,2,2,0,3,0,FALSE,FALSE,0.00080637686447682,0.0334914594344382
56,5,27,5,22,0,0.814814814814815,TRUE,FALSE,0.00356202780765954,0.467538414813576
57,5,6,4,2,1,0.333333333333333,FALSE,FALSE,0.00304018375916083,0.304943016597104
58,5,6,5,1,0,0.166666666666667,TRUE,FALSE,0.00306735578421419,0.89868227367427
59,5,5,4,1,1,0.2,FALSE,FALSE,0.00249691105081273,0.0748184145340298
60,5,3,3,0,2,0,FALSE,FALSE,0.00238395027567958,0.0574369374538963
61,5,9,5,4,0,0.444444444444444,TRUE,FALSE,0.00174992223768087,0.563669267399983
62,5,8,4,4,1,0.5,FALSE,FALSE,0.00147498425554407,0.0648482389488336
63,5,6,4,2,1,0.333333333333333,FALSE,FALSE,0.00160451646544973,0.257972513711611
64,5,11,5,6,0,0.545454545454545,TRUE,FALSE,0.00133250297285463,0.377530553966378
65,5,6,4,2,1,0.333333333333333,FALSE,FALSE,0.000756946089620849,0.12589196539147
66,5,6,5,1,0,0.166666666666667,TRUE,FALSE,0.00420110655924393,0.535821721761236
67,5,5,3,2,2,0.4,FALSE,FALSE,0.00144473204814331,0.0247275720218512
68,5,8,4,4,1,0.5,FALSE,FALSE,0.00245890084841098,0.123576152535118
69,5,4,3,1,2,0.25,FALSE,FALSE,0.00170069837772158,0.106565448028411
70,5,8,4,4,1,0.5,FALSE,FALSE,0.000971649746627349,0.0408472187109805
71,5,8,5,3,0,0.375,TRUE,FALSE,0.00222053748770525,0.650226670142064
72,5,8,5,3,0,0.375,TRUE,FALSE,0.00282228407748521,0.398486241438691
73,5,7,5,2,0,0.285714285714286,TRUE,FALSE,0.00304839750346072,0.192535514954335
74,5,5,4,1,1,0.2,FALSE,FALSE,0.00277638774374882,0.320338014194347
75,5,11,5,6,0,0.545454545454545,TRUE,FALSE,0.00505601814054557,0.456921856626809
76,5,6,4,2,1,0.333333333333333,FALSE,FALSE,0.00203715225817491,0.123683318897647
77,5,4,4,0,1,0,FALSE,FALSE,0.00247020515590718,0.268425607083488
78,5,14,5,9,0,0.642857142857143,TRUE,FALSE,0.00375805123299674,0.9730201946544
79,5,4,3,1,2,0.25,FALSE,FALSE,0.00368163918406388,0.113249924861822
80,5,3,3,0,2,0,FALSE,FALSE,0.00192732247597847,0.0463735008718653
81,5,10,3,7,2,0.7,FALSE,FALSE,0.0009532274883322,0.108370849523026
82,5,12,4,8,1,0.666666666666667,FALSE,FALSE,0.00134280685915834,0.209269463906076
83,5,10,5,5,0,0.5,TRUE,FALSE,0.00254093269281781,0.456904959640519
84,5,5,5,0,0,0,TRUE,TRUE,0.00204620873065834,0.477209571576582
85,5,12,3,9,2,0.75,FALSE,FALSE,0.00110899788796677,0.091459999564961
86,5,8,5,3,0,0.375,TRUE,FALSE,0.00180293421320071,0.59231279492403
87,5,4,4,0,1,0,FALSE,FALSE,0.00375575497212498,0.392837508048443
88,5,6,5,1,0,0.166666666666667,TRUE,FALSE,0.00151873100318597,0.304295339457092
89,5,5,4,1,1,0.2,FALSE,FALSE,0.00491305385289345,0.152746571174657
90,5,5,4,1,1,0.2,FALSE,FALSE,0.00361655464403852,0.203088122010774
91,5,5,5,0,0,0,TRUE,TRUE,0.00161516021420967,0.561097091228747
92,5,5,4,1,1,0.2,FALSE,FALSE,0.00197072040981322,0.275865673408858
93,5,7,5,2,0,0.285714285714286,TRUE,FALSE,0.00346997518654826,0.739945530404493
94,5,4,4,0,1,0,FALSE,FALSE,0.00310946150871853,0.266632410571804
95,5,10,5,5,0,0.5,TRUE,FALSE,0.00219373315185701,0.558484004848793
96,5,3,3,0,2,0,FALSE,FALSE,0.00191626348052324,0.0237026170199139
97,5,16,5,11,0,0.6875,TRUE,FALSE,0.00176939599761886,0.765146255295356
98,5,7,5,2,0,0.285714285714286,TRUE,FALSE,0.00132706357468157,0.283099183553045
99,5,3,3,0,2,0,FALSE,FALSE,0.00237936961356172,0.179473373417384
100,5,4,4,0,1,0,FALSE,FALSE,0.00240562022448956,0.213828712812712
