"true_sparsity","n_sims","screening","lower","upper","mean_fdp","avg_bmin"
1,200,0.735,0.668129907791382,0.794760908614078,0.0615320512820513,0.998300641152666
3,200,0.575,0.50330413183481,0.644438822741295,0.223636759074259,0.530119360509521
5,200,0.465,0.394352735261457,0.536700142211679,0.36284572358983,0.352524715402429
7,200,0.29,0.228156989363511,0.358187452162291,0.449415157025375,0.220587204122482
9,200,0.295,0.232768784223124,0.36342313331791,0.519020096518648,0.223435606941256
11,200,0.225,0.169102547129825,0.289239605968765,0.525208569519621,0.166225652344277
13,200,0.17,0.120695623236217,0.229371600393886,0.540818272126673,0.154982945676067
15,200,0.19,0.13810312537284,0.251331518623744,0.555566293737755,0.140328006639198
17,200,0.095,0.0581696097251203,0.144376639976852,0.564363424680665,0.112934420772446
19,200,0.09,0.0542142544560964,0.138508208473822,0.565660234810204,0.0964383990129426
21,200,0.045,0.0207804222270043,0.083702688075854,0.56766658756781,0.0965723215618736
23,200,0.015,0.00310410762155351,0.0432082819177126,0.584506650301499,0.0902483609904673
25,200,0.025,0.00816616619084252,0.0573743511268459,0.566182406984374,0.0878624086443756
27,200,0.025,0.00816616619084252,0.0573743511268459,0.55793161117065,0.0686397779027638
29,200,0.005,0.000126581027867018,0.0275418984572056,0.56096418783515,0.0681586541275028
31,200,0.005,0.000126581027867018,0.0275418984572056,0.552425934851065,0.0649446946495437
